filename,object_location,image_small,image_thumb
109644_1_45942227.jpg,/objects/109644_1_45942227.jpg,/objects/small/109644_1_45942227_sm.jpg,/objects/thumbs/109644_1_45942227_th.jpg
109644_2_45942228.jpg,/objects/109644_2_45942228.jpg,/objects/small/109644_2_45942228_sm.jpg,/objects/thumbs/109644_2_45942228_th.jpg
109659_1_45942255.jpg,/objects/109659_1_45942255.jpg,/objects/small/109659_1_45942255_sm.jpg,/objects/thumbs/109659_1_45942255_th.jpg
109659_2_45942256.jpg,/objects/109659_2_45942256.jpg,/objects/small/109659_2_45942256_sm.jpg,/objects/thumbs/109659_2_45942256_th.jpg
109689_1_45942299.jpg,/objects/109689_1_45942299.jpg,/objects/small/109689_1_45942299_sm.jpg,/objects/thumbs/109689_1_45942299_th.jpg
109689_2_45942300.jpg,/objects/109689_2_45942300.jpg,/objects/small/109689_2_45942300_sm.jpg,/objects/thumbs/109689_2_45942300_th.jpg
109707_1_45942331.jpg,/objects/109707_1_45942331.jpg,/objects/small/109707_1_45942331_sm.jpg,/objects/thumbs/109707_1_45942331_th.jpg
109707_2_45942332.jpg,/objects/109707_2_45942332.jpg,/objects/small/109707_2_45942332_sm.jpg,/objects/thumbs/109707_2_45942332_th.jpg
109832_1_45942538.jpg,/objects/109832_1_45942538.jpg,/objects/small/109832_1_45942538_sm.jpg,/objects/thumbs/109832_1_45942538_th.jpg
109832_2_45942539.jpg,/objects/109832_2_45942539.jpg,/objects/small/109832_2_45942539_sm.jpg,/objects/thumbs/109832_2_45942539_th.jpg
109833_1_45942540.jpg,/objects/109833_1_45942540.jpg,/objects/small/109833_1_45942540_sm.jpg,/objects/thumbs/109833_1_45942540_th.jpg
109833_2_45942541.jpg,/objects/109833_2_45942541.jpg,/objects/small/109833_2_45942541_sm.jpg,/objects/thumbs/109833_2_45942541_th.jpg
109842_1_45942556.jpg,/objects/109842_1_45942556.jpg,/objects/small/109842_1_45942556_sm.jpg,/objects/thumbs/109842_1_45942556_th.jpg
109842_2_45942557.jpg,/objects/109842_2_45942557.jpg,/objects/small/109842_2_45942557_sm.jpg,/objects/thumbs/109842_2_45942557_th.jpg
109880_1_45942626.jpg,/objects/109880_1_45942626.jpg,/objects/small/109880_1_45942626_sm.jpg,/objects/thumbs/109880_1_45942626_th.jpg
109880_2_45942627.jpg,/objects/109880_2_45942627.jpg,/objects/small/109880_2_45942627_sm.jpg,/objects/thumbs/109880_2_45942627_th.jpg
109881_1_45942656.jpg,/objects/109881_1_45942656.jpg,/objects/small/109881_1_45942656_sm.jpg,/objects/thumbs/109881_1_45942656_th.jpg
109881_2_45942657.jpg,/objects/109881_2_45942657.jpg,/objects/small/109881_2_45942657_sm.jpg,/objects/thumbs/109881_2_45942657_th.jpg
109897_1_45942662.jpg,/objects/109897_1_45942662.jpg,/objects/small/109897_1_45942662_sm.jpg,/objects/thumbs/109897_1_45942662_th.jpg
109897_2_45942663.jpg,/objects/109897_2_45942663.jpg,/objects/small/109897_2_45942663_sm.jpg,/objects/thumbs/109897_2_45942663_th.jpg
110164_1_45936377.jpg,/objects/110164_1_45936377.jpg,/objects/small/110164_1_45936377_sm.jpg,/objects/thumbs/110164_1_45936377_th.jpg
110164_2_45936378.jpg,/objects/110164_2_45936378.jpg,/objects/small/110164_2_45936378_sm.jpg,/objects/thumbs/110164_2_45936378_th.jpg
110165_1_45936379.jpg,/objects/110165_1_45936379.jpg,/objects/small/110165_1_45936379_sm.jpg,/objects/thumbs/110165_1_45936379_th.jpg
110165_2_45936380.jpg,/objects/110165_2_45936380.jpg,/objects/small/110165_2_45936380_sm.jpg,/objects/thumbs/110165_2_45936380_th.jpg
110168_1_45936387.jpg,/objects/110168_1_45936387.jpg,/objects/small/110168_1_45936387_sm.jpg,/objects/thumbs/110168_1_45936387_th.jpg
110168_2_45936388.jpg,/objects/110168_2_45936388.jpg,/objects/small/110168_2_45936388_sm.jpg,/objects/thumbs/110168_2_45936388_th.jpg
110186_1_45936413.jpg,/objects/110186_1_45936413.jpg,/objects/small/110186_1_45936413_sm.jpg,/objects/thumbs/110186_1_45936413_th.jpg
110186_2_45936414.jpg,/objects/110186_2_45936414.jpg,/objects/small/110186_2_45936414_sm.jpg,/objects/thumbs/110186_2_45936414_th.jpg
110226_1_45936475.jpg,/objects/110226_1_45936475.jpg,/objects/small/110226_1_45936475_sm.jpg,/objects/thumbs/110226_1_45936475_th.jpg
110226_2_45936476.jpg,/objects/110226_2_45936476.jpg,/objects/small/110226_2_45936476_sm.jpg,/objects/thumbs/110226_2_45936476_th.jpg
110544_1_45951439.jpg,/objects/110544_1_45951439.jpg,/objects/small/110544_1_45951439_sm.jpg,/objects/thumbs/110544_1_45951439_th.jpg
110544_2_45951440.jpg,/objects/110544_2_45951440.jpg,/objects/small/110544_2_45951440_sm.jpg,/objects/thumbs/110544_2_45951440_th.jpg
110644_1_45950503.jpg,/objects/110644_1_45950503.jpg,/objects/small/110644_1_45950503_sm.jpg,/objects/thumbs/110644_1_45950503_th.jpg
110644_2_45950504.jpg,/objects/110644_2_45950504.jpg,/objects/small/110644_2_45950504_sm.jpg,/objects/thumbs/110644_2_45950504_th.jpg
110844_1_45950853.jpg,/objects/110844_1_45950853.jpg,/objects/small/110844_1_45950853_sm.jpg,/objects/thumbs/110844_1_45950853_th.jpg
110844_2_45950854.jpg,/objects/110844_2_45950854.jpg,/objects/small/110844_2_45950854_sm.jpg,/objects/thumbs/110844_2_45950854_th.jpg
402056_1_420720056.jpg,/objects/402056_1_420720056.jpg,/objects/small/402056_1_420720056_sm.jpg,/objects/thumbs/402056_1_420720056_th.jpg
402056_2_420720060.jpg,/objects/402056_2_420720060.jpg,/objects/small/402056_2_420720060_sm.jpg,/objects/thumbs/402056_2_420720060_th.jpg
402186_1_420721188.jpg,/objects/402186_1_420721188.jpg,/objects/small/402186_1_420721188_sm.jpg,/objects/thumbs/402186_1_420721188_th.jpg
402186_2_420721196.jpg,/objects/402186_2_420721196.jpg,/objects/small/402186_2_420721196_sm.jpg,/objects/thumbs/402186_2_420721196_th.jpg
